{
  "Packages": [
    {
      "Package": {
        "Id": "UiPath.System.Activities",
        "Version": "19.6.0"
      },
      "Assemblies": [
        "C:\\Users\\calin.grigorescu\\.nuget\\packages\\csvhelper/2.13.5\\lib/net40-client/CsvHelper.dll",
        "C:\\Users\\calin.grigorescu\\.nuget\\packages\\microsoft.aspnet.signalr.client/2.4.0\\lib/net45/Microsoft.AspNet.SignalR.Client.dll",
        "C:\\Users\\calin.grigorescu\\.nuget\\packages\\microsoft.rest.clientruntime/2.3.20\\lib/net461/Microsoft.Rest.ClientRuntime.dll",
        "C:\\Users\\calin.grigorescu\\.nuget\\packages\\newtonsoft.json/11.0.2\\lib/net45/Newtonsoft.Json.dll",
        "C:\\Users\\calin.grigorescu\\.nuget\\packages\\uipath.system.activities/19.6.0\\lib/net461/ActiproSoftware.Docking.Wpf.dll",
        "C:\\Users\\calin.grigorescu\\.nuget\\packages\\uipath.system.activities/19.6.0\\lib/net461/ActiproSoftware.Ribbon.Wpf.dll",
        "C:\\Users\\calin.grigorescu\\.nuget\\packages\\uipath.system.activities/19.6.0\\lib/net461/ActiproSoftware.Shared.Wpf.dll",
        "C:\\Users\\calin.grigorescu\\.nuget\\packages\\uipath.system.activities/19.6.0\\lib/net461/ActiproSoftware.SyntaxEditor.Addons.DotNet.Wpf.dll",
        "C:\\Users\\calin.grigorescu\\.nuget\\packages\\uipath.system.activities/19.6.0\\lib/net461/ActiproSoftware.SyntaxEditor.Wpf.dll",
        "C:\\Users\\calin.grigorescu\\.nuget\\packages\\uipath.system.activities/19.6.0\\lib/net461/ActiproSoftware.Text.Addons.DotNet.Wpf.dll",
        "C:\\Users\\calin.grigorescu\\.nuget\\packages\\uipath.system.activities/19.6.0\\lib/net461/ActiproSoftware.Text.LLParser.Wpf.dll",
        "C:\\Users\\calin.grigorescu\\.nuget\\packages\\uipath.system.activities/19.6.0\\lib/net461/ActiproSoftware.Text.Wpf.dll",
        "C:\\Users\\calin.grigorescu\\.nuget\\packages\\uipath.system.activities/19.6.0\\lib/net461/ActiproSoftware.Wizard.Wpf.dll",
        "C:\\Users\\calin.grigorescu\\.nuget\\packages\\uipath.system.activities/19.6.0\\lib/net461/UiPath.OrchestratorClient.dll",
        "C:\\Users\\calin.grigorescu\\.nuget\\packages\\uipath.system.activities/19.6.0\\lib/net461/UiPath.System.Activities.Design.dll",
        "C:\\Users\\calin.grigorescu\\.nuget\\packages\\uipath.system.activities/19.6.0\\lib/net461/UiPath.System.Activities.dll"
      ]
    },
    {
      "Package": {
        "Id": "UiPath.UIAutomation.Activities",
        "Version": "19.5.0"
      },
      "Assemblies": [
        "C:\\Users\\calin.grigorescu\\.nuget\\packages\\avalonedit/5.0.3\\lib/Net40/ICSharpCode.AvalonEdit.dll",
        "C:\\Users\\calin.grigorescu\\.nuget\\packages\\extended.wpf.toolkit/2.8.0\\lib/net40/Xceed.Wpf.AvalonDock.Themes.Aero.dll",
        "C:\\Users\\calin.grigorescu\\.nuget\\packages\\extended.wpf.toolkit/2.8.0\\lib/net40/Xceed.Wpf.AvalonDock.Themes.Metro.dll",
        "C:\\Users\\calin.grigorescu\\.nuget\\packages\\extended.wpf.toolkit/2.8.0\\lib/net40/Xceed.Wpf.AvalonDock.Themes.VS2010.dll",
        "C:\\Users\\calin.grigorescu\\.nuget\\packages\\extended.wpf.toolkit/2.8.0\\lib/net40/Xceed.Wpf.AvalonDock.dll",
        "C:\\Users\\calin.grigorescu\\.nuget\\packages\\extended.wpf.toolkit/2.8.0\\lib/net40/Xceed.Wpf.DataGrid.dll",
        "C:\\Users\\calin.grigorescu\\.nuget\\packages\\extended.wpf.toolkit/2.8.0\\lib/net40/Xceed.Wpf.Toolkit.dll",
        "C:\\Users\\calin.grigorescu\\.nuget\\packages\\humanizer.core/2.4.2\\lib/netstandard2.0/Humanizer.dll",
        "C:\\Users\\calin.grigorescu\\.nuget\\packages\\uipath/19.5.7079.28746\\lib/UiPath.Interop.dll",
        "C:\\Users\\calin.grigorescu\\.nuget\\packages\\uipath.ocr.contracts/1.0.0\\lib/net45/UiPath.OCR.Contracts.dll",
        "C:\\Users\\calin.grigorescu\\.nuget\\packages\\uipath.uiautomation.activities/19.5.0\\lib/net461/ActiproSoftware.DataGrid.Contrib.Wpf.dll",
        "C:\\Users\\calin.grigorescu\\.nuget\\packages\\uipath.uiautomation.activities/19.5.0\\lib/net461/ActiproSoftware.Docking.Wpf.dll",
        "C:\\Users\\calin.grigorescu\\.nuget\\packages\\uipath.uiautomation.activities/19.5.0\\lib/net461/ActiproSoftware.Editors.Wpf.dll",
        "C:\\Users\\calin.grigorescu\\.nuget\\packages\\uipath.uiautomation.activities/19.5.0\\lib/net461/ActiproSoftware.Ribbon.Wpf.dll",
        "C:\\Users\\calin.grigorescu\\.nuget\\packages\\uipath.uiautomation.activities/19.5.0\\lib/net461/ActiproSoftware.Shared.Wpf.dll",
        "C:\\Users\\calin.grigorescu\\.nuget\\packages\\uipath.uiautomation.activities/19.5.0\\lib/net461/ActiproSoftware.SyntaxEditor.Addons.DotNet.Wpf.dll",
        "C:\\Users\\calin.grigorescu\\.nuget\\packages\\uipath.uiautomation.activities/19.5.0\\lib/net461/ActiproSoftware.SyntaxEditor.Wpf.dll",
        "C:\\Users\\calin.grigorescu\\.nuget\\packages\\uipath.uiautomation.activities/19.5.0\\lib/net461/ActiproSoftware.Text.Addons.DotNet.Wpf.dll",
        "C:\\Users\\calin.grigorescu\\.nuget\\packages\\uipath.uiautomation.activities/19.5.0\\lib/net461/ActiproSoftware.Text.LLParser.Wpf.dll",
        "C:\\Users\\calin.grigorescu\\.nuget\\packages\\uipath.uiautomation.activities/19.5.0\\lib/net461/ActiproSoftware.Text.Wpf.dll",
        "C:\\Users\\calin.grigorescu\\.nuget\\packages\\uipath.uiautomation.activities/19.5.0\\lib/net461/ActiproSoftware.Wizard.Wpf.dll",
        "C:\\Users\\calin.grigorescu\\.nuget\\packages\\uipath.uiautomation.activities/19.5.0\\lib/net461/UiPath.UIAutomation.Activities.Design.dll",
        "C:\\Users\\calin.grigorescu\\.nuget\\packages\\uipath.uiautomation.activities/19.5.0\\lib/net461/UiPath.UiAutomation.Activities.dll",
        "C:\\Users\\calin.grigorescu\\.nuget\\packages\\uipath.uiautomation.activities/19.5.0\\lib/net461/UiPath.Wizards.dll",
        "C:\\Users\\calin.grigorescu\\.nuget\\packages\\uipath.vision/1.6.0\\lib/net452/UiPath.Vision.AbbyyCloud.dll",
        "C:\\Users\\calin.grigorescu\\.nuget\\packages\\uipath.vision/1.6.0\\lib/net452/UiPath.Vision.AbbyyFRE11.dll",
        "C:\\Users\\calin.grigorescu\\.nuget\\packages\\uipath.vision/1.6.0\\lib/net452/UiPath.Vision.AbbyyFRE12.dll",
        "C:\\Users\\calin.grigorescu\\.nuget\\packages\\uipath.vision/1.6.0\\lib/net452/UiPath.Vision.AbbyyFRECommon.dll",
        "C:\\Users\\calin.grigorescu\\.nuget\\packages\\uipath.vision/1.6.0\\lib/net452/UiPath.Vision.AzureComputerVision.dll",
        "C:\\Users\\calin.grigorescu\\.nuget\\packages\\uipath.vision/1.6.0\\lib/net452/UiPath.Vision.Core.dll",
        "C:\\Users\\calin.grigorescu\\.nuget\\packages\\uipath.vision/1.6.0\\lib/net452/UiPath.Vision.GoogleCloud.dll",
        "C:\\Users\\calin.grigorescu\\.nuget\\packages\\uipath.vision/1.6.0\\lib/net452/UiPath.Vision.Microsoft.dll",
        "C:\\Users\\calin.grigorescu\\.nuget\\packages\\uipath.vision/1.6.0\\lib/net452/UiPath.Vision.MicrosoftCloud.dll",
        "C:\\Users\\calin.grigorescu\\.nuget\\packages\\uipath.vision/1.6.0\\lib/net452/UiPath.Vision.Tesseract.dll",
        "C:\\Users\\calin.grigorescu\\.nuget\\packages\\uipath.vision/1.6.0\\lib/net452/UiPath.Vision.dll"
      ]
    }
  ],
  "Conflicts": [],
  "ResolvedDependencies": {
    "AvalonEdit": {
      "Id": "AvalonEdit",
      "Version": "5.0.3",
      "Dependencies": []
    },
    "CsvHelper": {
      "Id": "CsvHelper",
      "Version": "2.13.5",
      "Dependencies": []
    },
    "Extended.Wpf.Toolkit": {
      "Id": "Extended.Wpf.Toolkit",
      "Version": "2.8.0",
      "Dependencies": []
    },
    "Humanizer.Core": {
      "Id": "Humanizer.Core",
      "Version": "2.4.2",
      "Dependencies": []
    },
    "Microsoft.AspNet.SignalR.Client": {
      "Id": "Microsoft.AspNet.SignalR.Client",
      "Version": "2.4.0",
      "Dependencies": [
        {
          "Item1": "Newtonsoft.Json",
          "Item2": "[6.0.4, )"
        }
      ]
    },
    "Microsoft.Rest.ClientRuntime": {
      "Id": "Microsoft.Rest.ClientRuntime",
      "Version": "2.3.20",
      "Dependencies": [
        {
          "Item1": "Newtonsoft.Json",
          "Item2": "[10.0.3, )"
        }
      ]
    },
    "Newtonsoft.Json": {
      "Id": "Newtonsoft.Json",
      "Version": "11.0.2",
      "Dependencies": []
    },
    "UiPath": {
      "Id": "UiPath",
      "Version": "19.5.7079.28746",
      "Dependencies": []
    },
    "UiPath.OCR.Contracts": {
      "Id": "UiPath.OCR.Contracts",
      "Version": "1.0.0",
      "Dependencies": []
    },
    "UiPath.System.Activities": {
      "Id": "UiPath.System.Activities",
      "Version": "19.6.0",
      "Dependencies": [
        {
          "Item1": "CsvHelper",
          "Item2": "[2.13.5, )"
        },
        {
          "Item1": "Microsoft.AspNet.SignalR.Client",
          "Item2": "[2.4.0, )"
        },
        {
          "Item1": "Microsoft.Rest.ClientRuntime",
          "Item2": "[2.3.20, )"
        },
        {
          "Item1": "Newtonsoft.Json",
          "Item2": "[11.0.2, )"
        }
      ]
    },
    "UiPath.UIAutomation.Activities": {
      "Id": "UiPath.UIAutomation.Activities",
      "Version": "19.5.0",
      "Dependencies": [
        {
          "Item1": "UiPath.Vision",
          "Item2": "[1.6.0, )"
        },
        {
          "Item1": "UiPath.OCR.Contracts",
          "Item2": "[1.0.0, )"
        },
        {
          "Item1": "AvalonEdit",
          "Item2": "[5.0.3, )"
        },
        {
          "Item1": "Extended.Wpf.Toolkit",
          "Item2": "[2.8.0, )"
        },
        {
          "Item1": "Humanizer.Core",
          "Item2": "[2.4.2, )"
        },
        {
          "Item1": "UiPath",
          "Item2": "[19.5.7079.28746, )"
        }
      ]
    },
    "UiPath.Vision": {
      "Id": "UiPath.Vision",
      "Version": "1.6.0",
      "Dependencies": []
    }
  }
}